name,Age,Address,Occupation,
Krunal,Age: 25,Address: Banglore,Occupation: Cricketer,
Hardik pandya,Age:27,Address:Choryasi,Occupation:Cricketer,
Mark,Age:45,Address:Bombay,Occupation:Geneticist,
Bill gates,Age:66,Adress: American,Occupation:business,
Donald Trump,Age:75,Address:New York,Occupation: US President,
Elon Musk,Age:50,Address:Pretoria,Occupation:Entrepreneur,
Jeff bezos,Age:70,Address:Albuquerque,Occupation:Entrepreneur,
Obama,Age:60,Address:Honolulu,Occupation:American lawyer and politician,
Pankhuri,Age:25,Address:Choryasi,Occupation:Event Manager,
Arundhati,Age:60,Address:Shillong,Occupation:Indian author,
Indra,Age:66,Address:Chennai,Occupation:Business Executive,
Prathiba,Age:86,Address:Nadgaon,Occupation:Indian politician,
Mahasweta,Age:87,Address:Dhaka,Occupation:Indian writer,
Sania Mirza,Age:35,Address:Mumbai,Occupation:Tennis player,
Tessy Thomas,Age:58,Address:Alappuzha,Occupation:Indian Scientist,
Barbar,Age:28,Address:Murshidabad,Occupation:Teacher,
Kalpana Chawla,Age:53,Address:Karnal,Occupation:Astronaut,
Ravi gulati,Age:47,Adress:Delhi,Occupation:Social Activist,
Unknown,No records,,,
Sundar,Age: 49,Address:USA,Occupation: CEO of Alphabet,
Narendra Modi,Age:71,Address:New Delhi,Occupation:Politician,
Rahul Gandhi,Age:51,Address:New Delhi,Occupation:Politician,
Xi Jinping,Age:68,Address:Beijing,Occupation:Politician,
Joe Biden,Age:79,Address:Pennsylvania,Occupation:Politician,
Vladimir Putin,Age:69,Address:Russia,Occupation:Politician,
Mamta Banerjee,Age:65,Address:West bengal,Occupation:Politician,
Sonia Gandhi,Age:75,Address:New Delhi,Occupation:Politician,
Jayalalitha,Age:68,Address:Chennai,Occupation:Politician,
Brinda Karat,Age:74,Address:West bengal,Occupation:Politician,
Indra Gandhi,Age:76,Address:New Delhi,Occupation:Politician,
Shah Rukh Khan,Age:56,Address:Mumbai,Occupation:Actor,
Salman Khan,Age:55,Address:Indore,Occupation:Actor,
Hrithick Roshan,Age:47,Address:Mumbai,Occupation:Actor,
Amitabh Bachchan,Age:79,Address:Mumbai,Occupation:Actor,
Joseph Vijay,Age:47,Address:Chennai,Occupation:Actor,
Ajith Kumar,Age:50,Address:Chennai,Occupation:Actor,
Kamal hassan,Age:67,Address:Chennai,Occupation:Actor,
Mohanlal,Age:61,Address:Kerala,Occupation:Actor,
Dulquer Salman,Age:35,Address:Kerala,Occupation:Actor,
A R Rahaman,Age:54,Address:Chennai,Occupation:Singer,
Aishwarya Rai,Age:48,Address:Mumbai,Occupation:Actress,
Katrina kaif,Age:38,Address:London,Occupation:Actress,
Kareena kapoor,Age:41,Address:Mumbai,Occupation:Actress,
Deepika Padukone,Age:35,Address:Mumbai,Occupation:Actress,
Priyanka Chopra,Age:39,Address:USA,Occupation:Actress,
Nayanthara,Age:37,Address:Chennai,Occupation:Actress,
Trisha,Age:38,Address:Chennai,Occupation:Actress,
Sai Pallavi,Age:29,Address:Kerala,Occupation:Actress,
Rashmika Mandanna,Age:25,Address:Bangalore,Occupation:Actress,
Alia Bhatt,Age:28,Address:Mumbai,Occupation:Actress,
Anushka Sharama ,Age:33,Address:Mumbai,Occupation:Actress,
Disha Patani,Age:29,Address:Mumbai,Occupation:Actress,
Kajol,Age:47,Address:Mumbai,Occupation:Actress,
Kiara Advani,Age:29,Address:Mumbai,Occupation:Actress,
Madhuri Dixit,Age:54,Address:Mumbai,Occupation:Actress,
Pooja Hedge ,Age:31,Address:Mumbai,Occupation:Actress,
Sara Ali Khan,Age:33,Address:Mumbai,Occupation:Actress,
Shilpa Shetty,Age:47,Address:Mumbai,Occupation:Actress,
Sonan Kapoor,Age:36,Address:Mumbai,Occupation:Actress,
Shraddha Kapoor,Age:34,Address:Mumbai,Occupation:Actress,
Taapsee Pannu,Age:35,Address:Mumbai,Occupation:Actress,
Tamannaah Bhatia,Age:31,Address:Mumbai,Occupation:Actress,
Kangana Ranaut,Age:34,Address:Mumbai,Occupation:Actress,
Kriti Sanon,Age:31,Address:Mumbai,Occupation:Actress,
Vidya Balan,Age:42,Address:Mumbai,Occupation:Actress,
Sonakshi Sinha ,Age:34,Address:Mumbai,Occupation:Actress,
Janhvi Kapoor ,Age:24,Address:Mumbai,Occupation:Actress,
Bipasha Basu,Age:42,Address:Mumbai,Occupation:Actress,
Sushmita Sen ,Age:46,Address:Mumbai,Occupation:Actress,
Nora Fatehi,Age:29,Address:Mumbai,Occupation:Actress,
Urvashi Rautela,Age:27,Address:Mumbai,Occupation:Actress,
Ananya Pandey,Age:23,Address:Mumbai,Occupation:Actress,
Tara Sutaria,Age:26,Address:Mumbai,Occupation:Actress,
Rakul Preet Singh,Age:31,Address:Mumbai,Occupation:Actress,
Ranbir Kapoor,Age:39,Address:Mumbai,Occupation:Actor,
Akshay Kumar,Age:54,Address:Mumbai,Occupation:Actor,
Saif Ali Khan ,Age:51,Address:Mumbai,Occupation:Actor,
Ajay Devgn,Age:52,Address:Mumbai,Occupation:Actor,
Ranveer Singh,Age:36,Address:Mumbai,Occupation:Actor,
Varun Dhawan,Age:37,Address:Mumbai,Occupation:Actor,
Shahid Kapoor,Age:38,Address:Mumbai,Occupation:Actor,
Tiger Shroff,Age:39,Address:Mumbai,Occupation:Actor,
Arjun Kapoor,Age:40,Address:Mumbai,Occupation:Actor,
Vicky Kaushal,Age:41,Address:Mumbai,Occupation:Actor,
Sonu Sood,Age:42,Address:Mumbai,Occupation:Actor,
Jackie Shroff,Age:65,Address:Mumbai,Occupation:Actor,
Irrfan  Khan ,Age:66,Address:Mumbai,Occupation:Actor,
Sushant,Age:67,Address:Mumbai,Occupation:Actor,
Karan Johar,Age:68,Address:Mumbai,Occupation:Actor,
Sanjay Dutt,Age:69,Address:Mumbai,Occupation:Actor,
Abhishek,Age:70,Address:Mumbai,Occupation:Actor,
Anil Kapoor,Age:71,Address:Mumbai,Occupation:Actor,
Suniel Shetty,Age:72,Address:Mumbai,Occupation:Actor,
Feroz,Age:73,Address:Mumbai,Occupation:Actor,
Imran ,Age:74,Address:Mumbai,Occupation:Actor,
Farhan,Age:75,Address:Mumbai,Occupation:Actor,
Shraman,Age:76,Address:Mumbai,Occupation:Actor,
Manoj,Age:77,Address:Mumbai,Occupation:Actor,
Vivek ,Age:50,Address:Mumbai,Occupation:Actor,
Dhoni,Age:51,Address:Ranipet,Occupation:Cricketer,
Virat,Age:52,Address:Mumbai,Occupation:Cricketer,
Sachin ,Age:53,Address:Mumbai,Occupation:Cricketer,
Kapil ,Age:54,Address:New Delhi,Occupation:Cricketer,
Sunil Gavaskar,Age:55,Address:Mumbai,Occupation:Cricketer,
Yuvaraj ,Age:56,Address:Mumbai,Occupation:Cricketer,
Rahul Dravid,Age:57,Address:Bangalore,Occupation:Cricketer,
Ravi ,Age:58,Address:Bangalore,Occupation:Cricketer,
Rohit,Age:59,Address:Bangalore,Occupation:Cricketer,
Jadaja,Age:60,Address:Bangalore,Occupation:Cricketer,
Cheeka,Age:61,Address:Bangalore,Occupation:Cricketer,
Kl Rahul,Age:62,Address:Bangalore,Occupation:Cricketer,
Pant,Age:63,Address:Bangalore,Occupation:Cricketer,
Bumrah,Age:64,Address:Bangalore,Occupation:Cricketer,
Ganguly,Age:65,Address:Bangalore,Occupation:Cricketer,
Iyar,Age:66,Address:Bangalore,Occupation:Cricketer,
Kumble,Age:67,Address:Bangalore,Occupation:Cricketer,
Raina ,Age:68,Address:Bangalore,Occupation:Cricketer,
Rahanae,Age:69,Address:Bangalore,Occupation:Cricketer,
Sehwag,Age:70,Address:Bangalore,Occupation:Cricketer,
Adani,Age:71,Address:Bangalore,Occupation:Bussinessman,Businessman
Godrej,Age:72,Address:Bangalore,Occupation:Bussinessman,
Birla,Age:73,Address:Mumbai,Occupation:Bussinessman,
Mahindra,Age:74,Address:Mumbai,Occupation:Bussinessman,
Malhotra,Age:75,Address:Mumbai,Occupation:Bussinessman,
Indra Nooyai,Age:76,Address:Mumbai,Occupation:Bussinessman,
Nita ,Age:77,Address:Mumbai,Occupation:Bussinessman,
Falguni,Age:78,Address:Mumbai,Occupation:Bussinessman,
Vandana,Age:79,Address:Mumbai,Occupation:Bussinessman,
Priya Paul,Age:80,Address:Mumbai,Occupation:Bussinessman,
